"label","value"
"iPhone17,1",1297 人
"iPhone16,1",1189 人
"iPhone17,2",1068 人
"iPhone16,2",986 人
"iPhone15,2",675 人
"iPhone14,5",572 人
"iPhone15,4",522 人
"iPhone15,3",518 人
"iPhone14,2",434 人
"iPhone14,7",428 人
"iPhone18,1",390 人
"iPhone17,3",340 人
"iPhone18,2",339 人
"iPhone14,3",323 人
SM-S928B,320 人
"iPhone13,2",304 人
"iPhone12,1",282 人
SM-S938B,251 人
"iPhone13,3",251 人
SM-S918B,197 人
SM-S921B,189 人
"iPhone13,4",189 人
"iPhone14,4",168 人
SM-S911B,144 人
"iPhone13,1",137 人
"iPhone12,3",111 人
"iPhone14,8",110 人
SM-S901B,109 人
SM-A546B,104 人
SM-S908B,98 人
SM-A556B,98 人
SM-G991B,94 人
"iPhone15,5",91 人
SM-S926B,90 人
"iPhone12,8",89 人
SM-S931B,82 人
"iPhone17,5",82 人
"iPhone12,5",80 人
"iPhone11,8",79 人
"iPhone14,6",78 人
SM-A536B,78 人
SM-A528B,70 人
SM-S916B,69 人
SM-F956B,68 人
SM-G998B,66 人
Pixel 8 Pro,65 人
"iPhone17,4",64 人
SM-F966B,63 人
SM-G781B,62 人
SM-F741B,60 人
SM-A346B,55 人
"iPhone18,4",54 人
SM-S936B,47 人
SM-F731B,44 人
SM-S721B,42 人
SM-G990B2,40 人
SM-F936B,39 人
Pixel 9 Pro,39 人
"iPhone18,3",36 人
"iPhone11,2",35 人
Pixel 9 Pro XL,35 人
SM-A566B,33 人
SM-G996B,33 人
SM-F946B,31 人
SM-S711B,31 人
"iPhone11,6",31 人
23090RA98G,30 人
SM-A356B,29 人
Pixel 7,29 人
SM-S906B,29 人
Pixel 8,29 人
2407FPN8EG,28 人
SM-F766B,28 人
SM-G973F,28 人
SM-G990B,27 人
SM-A515F,27 人
SM-A256B,27 人
Pixel 7a,26 人
SM-F721B,26 人
2312DRA50G,25 人
SM-G975F,24 人
Pixel 9,24 人
VOG-L29,24 人
SM-G780G,24 人
SM-A525F,23 人
SM-A336B,23 人
SM-G980F,23 人
"iPhone10,6",23 人
SM-G780F,23 人
2201116SG,23 人
Pixel 7 Pro,22 人
"iPad13,18",22 人
Pixel 8a,22 人
SM-A236B,21 人
"iPhone10,5",20 人
"iPad12,1",20 人
23078PND5G,19 人
"iPhone10,4",19 人
SM-A715F,18 人
SM-F711B,18 人
Pixel 6,18 人
SM-G988B,17 人
"iPhone9,3",17 人
"iPad16,5",16 人
SM-G981B,16 人
23117RA68G,16 人
SM-A155F,15 人
SM-A127F,15 人
ELE-L29,15 人
SM-A137F,15 人
SM-N986B,15 人
SM-A145R,15 人
Pixel 10 Pro XL,14 人
SM-A226B,14 人
24115RA8EG,14 人
MAR-LX1A,14 人
SM-A166B,14 人
25010PN30G,14 人
FCP-N49,14 人
SM-A217F,13 人
Pixel 6a,13 人
SM-A135F,13 人
2209116AG,13 人
SM-A146P,13 人
CPH2653,13 人
Redmi Note 8 Pro,13 人
23124RA7EO,13 人
"iPad13,16",12 人
24090RA29G,12 人
CPH2581,12 人
SM-A326B,12 人
SM-A165F,12 人
SM-G970F,12 人
SM-A325F,12 人
SM-N975F,12 人
"iPad8,6",12 人
23129RN51X,11 人
M2101K6G,11 人
SM-S937B,11 人
"iPad8,12",11 人
"iPad14,6",11 人
"iPhone10,1",11 人
23108RN04Y,11 人
2406APNFAG,11 人
Redmi Note 9 Pro,11 人
REA-NX9,11 人
22101316G,11 人
"iPad14,5",10 人
24129PN74G,10 人
SM-S918U1,10 人
"iPad14,1",10 人
SM-A556E,10 人
2107113SG,10 人
SM-A125F,10 人
SM-G525F,10 人
"iPhone10,3",10 人
"iPad11,6",10 人
2201117SY,10 人
SM-A505FN,10 人
"iPad13,1",9 人
SM-A405FN,9 人
M2007J3SG,9 人
SM-G985F,9 人
PTP-N49,9 人
Pixel 10 Pro,9 人
CPH2449,9 人
SM-A415F,9 人
SM-G960F,9 人
NE2213,9 人
2312DRAABG,9 人
"iPad8,11",9 人
BVL-N49,9 人
"iPad7,5",9 人
2211133G,9 人
SM-N960F,9 人
SM-F926B,9 人
"iPad8,5",9 人
"iPhone8,1",9 人
2306EPN60G,8 人
SM-A057G,8 人
24117RN76E,8 人
SM-A546E,8 人
SM-G986B,8 人
"iPad13,4",8 人
21081111RG,8 人
M2003J15SC,8 人
TECNO BF6,8 人
2409BRN2CY,8 人
IN2023,8 人
23021RAA2Y,8 人
23129RAA4G,8 人
2409BRN2CA,8 人
"iPad6,11",8 人
CPH2305,8 人
"iPad15,7",8 人
"iPad7,3",8 人
CPH2211,8 人
SM-A156B,8 人
"iPad7,11",8 人
TECNO KJ5,7 人
"iPad8,9",7 人
M2103K19G,7 人
220333QNY,7 人
2201117TY,7 人
"iPad13,6",7 人
2201123G,7 人
"iPad11,3",7 人
ELP-NX9,7 人
SM-A055F,7 人
M2102J20SG,7 人
CPH2173,7 人
M2012K11AG,7 人
"iPad8,1",7 人
"iPad16,6",7 人
2311DRK48G,7 人
SM-X210,7 人
SM-A047F,6 人
M2101K7BNY,6 人
A063,6 人
SM-A346E,6 人
2109119DG,6 人
SM-S908E,6 人
24116RACCG,6 人
21091116UG,6 人
SM-A366B,6 人
CLT-L29,6 人
"iPad13,8",6 人
SM-A526B,6 人
MBH-N49,6 人
CPH2207,6 人
A142,6 人
Pixel 9a,6 人
SM-S731B,6 人
Pixel 9 Pro Fold,6 人
XQ-DQ54,6 人
BRP-NX1M,6 人
SM-A725F,6 人
moto g54 5G,6 人
SM-A705FN,6 人
"iPad8,3",6 人
SM-S928U1,5 人
"iPad14,3",5 人
M2007J17G,5 人
RMX3890,5 人
CPH2609,5 人
"iPad15,5",5 人
SM-A145F,5 人
22081212UG,5 人
SM-X200,5 人
ALI-NX1,5 人
SM-S9280,5 人
motorola edge 50 fusion,5 人
"iPhone10,2",5 人
SM-N970F,5 人
24094RAD4G,5 人
"iPad16,4",5 人
TECNO KI5k,5 人
LE2123,5 人
TB330FU,5 人
Pixel 6 Pro,5 人
22101316UG,5 人
SM-A057F,5 人
"iPad14,10",5 人
"iPad16,3",5 人
"iPad7,2",5 人
Mi 10,5 人
CPH2637,5 人
SM-A136B,5 人
SM-G970U1,5 人
CPH2531,5 人
TECNO BG6,5 人
moto g84 5G,5 人
XQ-EC54,4 人
SM-S901E,4 人
2210132G,4 人
"iPad12,2",4 人
SM-N980F,4 人
"iPad8,7",4 人
SM-G715FN,4 人
CPH2415,4 人
M2007J20CG,4 人
SM-G965F,4 人
RMX3933,4 人
23049PCD8G,4 人
SM-T220,4 人
"iPad7,4",4 人
SM-M315F,4 人
SM-G556B,4 人
SM-N981B,4 人
2506BPN68G,4 人
SM-N950F,4 人
SM-S901U1,4 人
"iPad6,7",4 人
23124RN87G,4 人
"iPad8,10",4 人
SM-X510,4 人
"iPad13,10",4 人
V2332,4 人
SM-T733,4 人
NE2215,4 人
23021RAAEG,4 人
"iPhone8,2",4 人
SM-A032F,4 人
"iPhone9,4",4 人
Redmi Note 8T,4 人
24030PN60G,4 人
"iPad14,4",4 人
RMX3363,4 人
SM-X110,4 人
"iPad13,11",4 人
"iPad14,8",4 人
motorola edge 40 neo,4 人
SM-G973U1,4 人
24040RN64Y,4 人
SM-A426B,4 人
CPH2579,4 人
23053RN02Y,4 人
Infinix X6833B,4 人
VER-N49,4 人
M2011K2G,4 人
SM-S908U1,3 人
SM-A105FN,3 人
CPH2663,3 人
EML-L29,3 人
CPH2565,3 人
LYA-L29,3 人
motorola razr 50 ultra,3 人
CRT-LX3,3 人
FP5,3 人
V2124,3 人
TECNO KC8,3 人
"iPhone9,1",3 人
M1908C3JGG,3 人
TECNO BG6m,3 人
Redmi Note 8,3 人
RMX5061,3 人
2404ARN45A,3 人
Redmi Note 9S,3 人
SM-S916U1,3 人
SM-G950F,3 人
SM-G991U1,3 人
motorola edge 30 neo,3 人
"iPad17,4",3 人
STK-L21,3 人
SM-S938U1,3 人
CPH2557,3 人
SM-T830,3 人
A065,3 人
"iPad13,17",3 人
Mi Note 10,3 人
MAR-LX1B,3 人
TECNO CK7n,3 人
motorola edge 50 pro,3 人
CPH2145,3 人
SM-A266B,3 人
23106RN0DA,3 人
BRP-NX1,3 人
22126RN91Y,3 人
CMA-LX1,3 人
Pixel 5,3 人
SM-S906E,3 人
V2061,3 人
SM-A315G,3 人
V2029,3 人
CPH2251,3 人
SM-S921U1,3 人
RMX3710,3 人
AC2003,3 人
moto g34 5G,3 人
SM-S908U,3 人
moto g32,3 人
TECNO KI7,3 人
SM-G781U1,3 人
V2111,3 人
SM-T725,3 人
2201116PG,3 人
TECNO KM4,3 人
CPH2269,3 人
CPH2127,3 人
CPH2699,3 人
SM-A307FN,3 人
2303CRA44A,3 人
24069PC21G,3 人
KB2003,3 人
Infinix X680B,3 人
XQ-BT52,3 人
Redmi Note 7,3 人
SM-M127F,3 人
EML-L09,3 人
S62 Pro,3 人
SM-P613,3 人
DN2103,3 人
M2002J9G,3 人
XQ-CC54,3 人
SM-A750FN,3 人
Infinix X6526,3 人
PGT-N19,3 人
CPH2219,3 人
TB328FU,3 人
CPH2551,3 人
V2250,3 人
SM-G990E,3 人
SM-S9110,3 人
CPH2465,3 人
SM-A536E,3 人
GM1910,3 人
LLY-LX1,3 人
22111317G,3 人
RMX3630,3 人
TECNO KL4,3 人
TECNO LH7n,3 人
22120RN86G,3 人
RMX3771,3 人
SM-T500,3 人
23028RNCAG,3 人
SM-A202F,3 人
"iPad7,6",3 人
CPH2247,3 人
SM-N976B,3 人
XQ-BQ52,3 人
CRT-NX1,3 人
XQ-BC52,3 人
"iPad15,3",3 人
SM-S906U1,3 人
Mi 9T,3 人
RMO-NX3,2 人
ONEPLUS A5010,2 人
moto g23,2 人
CPH2025,2 人
24122RKC7G,2 人
CPH2307,2 人
"iPad14,9",2 人
21061119AG,2 人
V2043,2 人
SM-G781V,2 人
SM-T870,2 人
23053RN02A,2 人
POT-LX1,2 人
itel W5005,2 人
SM-A035F,2 人
moto g85 5G,2 人
SM-A042F,2 人
RMX3834,2 人
Pixel 4,2 人
SM-A037F,2 人
TECNO KG5k,2 人
BV4800,2 人
itel L6502,2 人
TECNO KL5,2 人
XQ-AS52,2 人
NE2211,2 人
moto g(30),2 人
SM-X610,2 人
ALT-NX1,2 人
M2006C3MNG,2 人
VNE-LX3,2 人
Pixel 3a,2 人
21121119SG,2 人
2212ARNC4L,2 人
itel P662L,2 人
Infinix X6528,2 人
TECNO CI6,2 人
SM-A908N,2 人
V2310,2 人
CPH2273,2 人
SM-X900,2 人
RMX2151,2 人
Core-X5,2 人
23043RP34G,2 人
2412DPC0AG,2 人
ABR-NX1,2 人
XQ-CQ54,2 人
SM-G981U1,2 人
M2006C3MG,2 人
CPH2493,2 人
Mi 10 Pro,2 人
A059,2 人
CPH2095,2 人
SM-A336E,2 人
SM-X520,2 人
SM-N981N,2 人
GRL-LX9,2 人
CPH2591,2 人
RMX1971,2 人
SM-S9210,2 人
ThinkPhone by motorola,2 人
SM-J530F,2 人
2410FPCC5G,2 人
V2338,2 人
Infinix X6837,2 人
SM-M326B,2 人
XQ-AT51,2 人
CPH2529,2 人
TECNO CK6n,2 人
TECNO KD7,2 人
23030RAC7Y,2 人
RMX3840,2 人
YAL-L21,2 人
2304FPN6DG,2 人
RMX3741,2 人
"iPad11,1",2 人
itel A665L,2 人
LLY-NX1,2 人
CPH2577,2 人
NDL-W09,2 人
M2004J19C,2 人
CPH2583,2 人
Infinix X693,2 人
M2101K9G,2 人
moto g52,2 人
SM-X810,2 人
SM-T865,2 人
CPH1937,2 人
Mi Note 10 Lite,2 人
M2101K7AG,2 人
MI 8,2 人
Pixel 4a (5G),2 人
RMX3760,2 人
Mi 9 SE,2 人
"iPad16,1",2 人
XQ-ES54,2 人
STK-LX3,2 人
SM-T736B,2 人
2409BRN2CL,2 人
Mi 9T Pro,2 人
HMA-L29,2 人
SM-X205,2 人
25099RP13G,2 人
SM-A505F,2 人
RMX3950,2 人
2201116TG,2 人
Fire 6 Max,2 人
CPH2617,2 人
TECNO CK6,2 人
SM-G736B,2 人
23073RPBFG,2 人
SM-G398FN,2 人
SM-G781U,2 人
Infinix X6511B,2 人
LYA-L09,2 人
M2007J3SY,2 人
motorola razr 60 ultra,2 人
TFY-LX1,2 人
RMX3085,2 人
V2244,2 人
"iPad5,3",2 人
SM-T970,2 人
"iPhone8,4",2 人
SM-T545,2 人
22071212AG,2 人
SM-N9860,2 人
"iPad14,2",2 人
CLK-LX2,2 人
24117RN76G,2 人
CPH2009,2 人
SM-M135F,2 人
ONEPLUS A6003,2 人
"iPad13,2",2 人
23127PN0CG,2 人
LE2115,2 人
motorola edge 50 neo,2 人
ELI-NX9,2 人
itel A507LX,2 人
JDY-LX1,2 人
Pixel 4a,2 人
BE2013,2 人
CPH2239,2 人
SM-S928U,2 人
SM-G998U1,2 人
24095PCADG,2 人
CLT-L09,2 人
SM-S901U,2 人
CPH2629,2 人
SM-G9750,2 人
JSN-AL00a,2 人
T1001,2 人
Pixel 3,2 人
SM-T505,2 人
SM-F700F,2 人
"iPad6,8",2 人
moto e13,2 人
Infinix X682B,2 人
SM-G9730,2 人
motorola edge 20 pro,2 人
SM-A516B,2 人
A015,2 人
NTH-NX9,2 人
2405CRPFDG,2 人
CPH2069,2 人
Infinix X683,2 人
SM-A245F,2 人
RBN-NX1,2 人
Infinix X656,2 人
SM-M215F,2 人
V2254,2 人
RMX2202,2 人
SM-X115,2 人
M2101K7BG,2 人
SM-A155M,2 人
Lenovo TB-X606F,2 人
XQ-DE54,2 人
motorola razr 40 ultra,2 人
moto g24,2 人
22041216G,2 人
Saga,1 人
CPH2751,1 人
REVVL V+ 5G,1 人
2201117PG,1 人
Note 12,1 人
SM-N986W,1 人
SM-G7810,1 人
ALT-LX2,1 人
Pixel 10 Pro Fold,1 人
PKJ110,1 人
RMX2075,1 人
Redmi Note 7S,1 人
TECNO KG5p,1 人
SM-A025G,1 人
Infinix X655C,1 人
Tab 9 WiFi,1 人
H8324,1 人
vivo Y17,1 人
Panther2 Pro,1 人
SM-N976N,1 人
TECNO LD7,1 人
SM-F956U,1 人
V2437,1 人
RMX3999,1 人
2207117BPG,1 人
2201116SI,1 人
Infinix X6817,1 人
SM-X930,1 人
Mi A2,1 人
CPH1923,1 人
M8L Plus,1 人
DS-CL2,1 人
SM-F966W,1 人
S53,1 人
itel A663L,1 人
RMO-NX1,1 人
SM-G955F,1 人
moto g(6),1 人
TECNO KE5,1 人
ZTE 8050,1 人
SM-E166P,1 人
CPH2349,1 人
Lenovo TB-J706L,1 人
DS-CL3 Lite,1 人
ABR-LX3,1 人
ELS-AN00,1 人
motorola edge 2024,1 人
moto g stylus 5G - 2024,1 人
Infinix X662,1 人
CPH2483,1 人
RMX3938,1 人
SM-G950U1,1 人
itel L5006S,1 人
moto g73 5G,1 人
E940-2849-01,1 人
JSN-L21,1 人
itel A671L,1 人
23013PC75G,1 人
T Phone,1 人
WOD-LX3,1 人
TFY-LX3,1 人
V2409,1 人
SM-F958N,1 人
T40 Plus_EEA,1 人
V2419,1 人
Infinix X6525B,1 人
PCPM00,1 人
Infinix X6835B,1 人
moto g(8) power lite,1 人
SM-A105F,1 人
XQ-CT54,1 人
SM-A065F,1 人
V2252,1 人
SM-A5360,1 人
X700_EEA,1 人
MIS-LX9,1 人
VNE-LX2,1 人
SM-G975U1,1 人
T799H,1 人
G53,1 人
V2231,1 人
V2102,1 人
SM-X716B,1 人
V1986A,1 人
SM-A920F,1 人
S cyber Pro,1 人
2312DRA50I,1 人
Infinix X6831,1 人
itel A512W,1 人
RMX5051,1 人
SM-A166P,1 人
OUKITEL C1,1 人
SM-A032M,1 人
SM-S936U,1 人
"iPad17,3",1 人
Infinix X6531,1 人
A059P,1 人
V2345,1 人
TECNO BG7n,1 人
RMX1851,1 人
POCOPHONE F1,1 人
SM-G9880,1 人
RMX1931,1 人
SM-A530F,1 人
T13_EEA,1 人
PGU110,1 人
SM-M025F,1 人
V2337A,1 人
Infinix X6880,1 人
WP35,1 人
moto g(6) plus,1 人
TECNO BG7,1 人
TECNO BD4j,1 人
23076RN4BI,1 人
Redmi Note 6 Pro,1 人
RMX3997,1 人
ALN-AL00,1 人
LM-Q730,1 人
moto g(60)s,1 人
SNE-LX1,1 人
motorola edge 50,1 人
KINGKONG 7,1 人
RMX3388,1 人
EB2103,1 人
Infinix X6710,1 人
moto e(7) power,1 人
SM-S926U1,1 人
RMX3521,1 人
CPH2467,1 人
V2247,1 人
RMX3853,1 人
Power Armor 18T,1 人
I2206,1 人
SM-A7050,1 人
KINGKONG 9,1 人
V2149,1 人
SHG06,1 人
CPH1989,1 人
T Phone Pro,1 人
Infinix X688B,1 人
SM-S9080,1 人
PLA-AL10,1 人
SM-N770F,1 人
SM-M115F,1 人
"iPad13,7",1 人
CPH2343,1 人
SM-F9260,1 人
V2420,1 人
V2404,1 人
2312DRA50C,1 人
CPH2631,1 人
TECNO BD4,1 人
2406ERN9CI,1 人
itel A663LC,1 人
25028RN03A,1 人
22011119UY,1 人
FNE-NX9,1 人
M2006C3LG,1 人
Nokia G60 5G,1 人
LE2113,1 人
V2110,1 人
X10ULTRA,1 人
RMX2050,1 人
CET-AL00,1 人
SM-S911N,1 人
Infinix X669D,1 人
T610K,1 人
DNP-NX9,1 人
Armor X12 Pro,1 人
24074RPD2G,1 人
22021211RG,1 人
NOTE 50,1 人
Air1 Ultra,1 人
25062RN2DE,1 人
SM-A5260,1 人
SM-T636B,1 人
SM-G955U,1 人
HBP-LX9,1 人
S100,1 人
Power Armor X11 Pro,1 人
MODERN 8,1 人
Armor X31 Pro,1 人
2201117TI,1 人
RMX3081,1 人
RMX3998,1 人
2207122MC,1 人
TECNO KL4h,1 人
moto g15,1 人
ALT-LX1,1 人
SM-S931U1,1 人
TECNO CE7j,1 人
CTR-L81,1 人
CPH2399,1 人
V2502A,1 人
CPH2659,1 人
TECNO KH7n,1 人
TECNO KG7h,1 人
SM-G991N,1 人
MRDI-W09,1 人
V2441,1 人
M2006C3MII,1 人
23129RA5FL,1 人
Infinix X680F,1 人
V2446,1 人
SM-T976B,1 人
"iPad17,2",1 人
KB2001,1 人
22127PC95I,1 人
ANA-NX9,1 人
CMA-LX2,1 人
SM-A725M,1 人
BV5300 Pro,1 人
moto g200 5G,1 人
V2344,1 人
moto g(10),1 人
"iPad8,8",1 人
E940-2849-00,1 人
SM-T835,1 人
SM-X920,1 人
23013RK75C,1 人
TECNO LB8a,1 人
23124RN87I,1 人
TECNO KE5k,1 人
AI+ Nova 1 5G,1 人
SM-S721U1,1 人
RMX2155,1 人
SM-T380,1 人
M2004J19PI,1 人
SM-G986U1,1 人
23113RKC6C,1 人
TB321FU,1 人
C50,1 人
Infinix X6515,1 人
CPH2709,1 人
CPH2791,1 人
SM-A136U1,1 人
BV6200 Plus,1 人
SM-X626B,1 人
Sparx Neo 7 Plus,1 人
SM-F956N,1 人
SM-P620,1 人
Infinix X6817B,1 人
"iPad5,1",1 人
SM-A736B,1 人
RMX3990,1 人
SM-A136U,1 人
"iPad11,4",1 人
BVL-AN16,1 人
T11,1 人
V2405A,1 人
CPH2363,1 人
V2406,1 人
AGS2-L09,1 人
V2131,1 人
SM-F936U1,1 人
X700,1 人
SM-N9750,1 人
A201XM,1 人
Infinix X650C,1 人
Infinix X669,1 人
"iPad8,2",1 人
itel A509WM,1 人
RMX2103,1 人
SM-M526BR,1 人
SM-M325FV,1 人
V2024,1 人
SM-M145F,1 人
motorola edge 40,1 人
RMX1941,1 人
Redmi 6A,1 人
PKH110,1 人
V2116,1 人
WP30 Pro,1 人
STK-LX1,1 人
WP32_Pro,1 人
RMX5056,1 人
BUZZ 7 Lite,1 人
SM-A315N,1 人
LGE-NX9,1 人
22127RK46C,1 人
Nokia G22,1 人
SM-A065M,1 人
U11,1 人
2203129G,1 人
TECNO BG6i,1 人
GM1903,1 人
FIG-LX1,1 人
SM-S921N,1 人
ASUS_I005DA,1 人
moto g power,1 人
MI 9,1 人
CPH2061,1 人
SM-M336B,1 人
Lenovo TB-8505F,1 人
A6,1 人
Mi A3,1 人
BLA-L09,1 人
M2103K19PG,1 人
JKM-LX1,1 人
itel P10001L,1 人
CPH2125,1 人
SM-J415F,1 人
SM-A135U1,1 人
AGM G2,1 人
RMX3830,1 人
Infinix X6851,1 人
S200 Plus,1 人
CPH2487,1 人
V2219,1 人
EVR-N29,1 人
itel A507LMO,1 人
CPH2197,1 人
RMX3511,1 人
M2010J19CG,1 人
V2022,1 人
CPH2321,1 人
BV6200,1 人
23122PCD1G,1 人
SM-A245M,1 人
BNE-LX1,1 人
IT-801B,1 人
SM-S911U1,1 人
vivo 1919,1 人
Infinix X6881,1 人
SM-P615,1 人
V2043_21,1 人
INE-LX1r,1 人
SM-A226BR,1 人
"iPad6,12",1 人
RMX3371,1 人
V2413,1 人
SM-A057M,1 人
LM-V500,1 人
22111317PG,1 人
CPH2455,1 人
Infinix X6858,1 人
A53,1 人
CPH2083,1 人
XQ-EC72,1 人
HD1901,1 人
RMX5011,1 人
RMX3844,1 人
2201122G,1 人
TECNO KG7n,1 人
RKY-LX1,1 人
25053PC47G,1 人
SM-N981U1,1 人
24116PCC1I,1 人
Stellar-X5,1 人
itel A6610L,1 人
SM-A805F,1 人
SM-S102DL,1 人
HD1903,1 人
RMX2086,1 人
HEY2-W09,1 人
Surface Duo 2,1 人
TECNO KH6,1 人
motorola razr 40,1 人
Z2357N,1 人
V2239,1 人
CPH2381,1 人
TECNO BC2,1 人
SM-T820,1 人
M-KOPA X20,1 人
SM-E135F,1 人
CPH2375,1 人
moto e15,1 人
V2038,1 人
D106_EEA,1 人
CPH1853,1 人
CPH2035,1 人
motorola edge 50 ultra,1 人
CPH2185,1 人
SM-S9310,1 人
S97Pro,1 人
RMX2170,1 人
"iPad11,2",1 人
SM-M515F,1 人
RMX5000,1 人
moto e22i,1 人
CPH2655,1 人
V2303,1 人
RMX3581,1 人
SM-S918N,1 人
DNY-NX9,1 人
Core-M5,1 人
23076RN8DY,1 人
BV9300 Pro,1 人
RC10T3G21,1 人
22101320G,1 人
Armor 34 Pro,1 人
CPH2201,1 人
2310FPCA4I,1 人
SM-P200,1 人
CPH2735,1 人
TECNO KF6i,1 人
V2238,1 人
V2337,1 人
Hisense T1 Pro,1 人
S42,1 人
SM-A207M,1 人
Infinix X6525D,1 人
IN2013,1 人
motorola edge 30,1 人
Lenovo TB-X306FA,1 人
G310,1 人
SM-M307FN,1 人
KINGKONG STAR,1 人
V2205,1 人
211033MI,1 人
vivo 1938,1 人
AMN-LX9,1 人
ALT-AL10,1 人
2502FRA65G,1 人
SM-T510,1 人
moto g14,1 人
SM-F956W,1 人
NX733J,1 人
"iPad7,12",1 人
Lenovo TB128FU,1 人
CPH2409,1 人
Core-X4,1 人
KB2005,1 人
2312CRNCCL,1 人
itel A667LP,1 人
RMX3851,1 人
BV9900E,1 人
RMX2180,1 人
TECNO CC7,1 人
LM-F100,1 人
CPH2681,1 人
V2333,1 人
ASUSAI2501C,1 人
2201117TG,1 人
V2033,1 人
SM-G981N,1 人
SM-A235F,1 人
itel P681L,1 人
SM-T590,1 人
SM-G960U1,1 人
Sparx Neo 7 Ultra 8GB,1 人
V2041,1 人
V2109,1 人
GS290,1 人
S118,1 人
2311DRN14I,1 人
RMX3195,1 人
V2347,1 人
RMX3370,1 人
SM-G770F,1 人
23053RN02I,1 人
SM-E145F,1 人
TB310FU,1 人
SM-A256E,1 人
SM-G611F,1 人
CPH2357,1 人
"iPad7,1",1 人
SM-X800,1 人
23028RA60L,1 人
TECNO KD6,1 人
SM-A146B,1 人
G61S,1 人
V2465A,1 人
220733SG,1 人
SM-F731N,1 人
SM-A045F,1 人
"iPad15,4",1 人
TECNO CH6,1 人
CPH2371,1 人
I2219,1 人
MRD-LX1,1 人
SM-A207F,1 人
CPH2385,1 人
TECNO CI8,1 人
SM-M536B,1 人
CPH2339,1 人
2210129SG,1 人
moto g51 5G,1 人
VTR-L29,1 人
motorola edge 30 ultra,1 人
IN2020,1 人
Nokia G21,1 人
SM-P610,1 人
G8141,1 人
CPH2325,1 人
itel W6503,1 人
21061119DG,1 人
SM-X926B,1 人
V2152,1 人
24044RN32L,1 人
LE2111,1 人
SM-A750N,1 人
CPH2693,1 人
SM-X820,1 人
TECNO CL6k,1 人
RMX3231,1 人
"iPad13,9",1 人
itel S663L,1 人
itel C671L,1 人
Lenovo YT-X705X,1 人
SM-M317F,1 人
S59Pro,1 人
iHunt Titan P10000 Pro,1 人
V2145,1 人
RKY-LX3,1 人
Nokia G42 5G,1 人
SM-A315F,1 人
RMX3301,1 人
V2315,1 人
SM-X910,1 人
WP26,1 人
A024,1 人
PJD110,1 人
ASUS_AI2202,1 人
NEW 20,1 人
ONIX,1 人
SM-G988U1,1 人
SM-T225,1 人
SM-X620,1 人
Fairphone 6,1 人
BL8000,1 人
moto g stylus 5G,1 人
WP50,1 人
SM-F711N,1 人
Infinix X663,1 人
motorola edge 60 pro,1 人
TECNO LH8n,1 人
C36,1 人
CPH2089,1 人
Armor 24,1 人
LM-G710,1 人
SM-A505U1,1 人
TECNO BC2c,1 人
INE-LX1,1 人
CPH1933,1 人
23100RN82L,1 人
PBEM00,1 人
CPH2639,1 人
SM-S911U,1 人
CPH2671,1 人
SM-G9910,1 人
SM-A037G,1 人
RMX3910,1 人
VOG-AL00,1 人
TB370FU,1 人
SM-T515,1 人
CPH2711,1 人
CLK-LX3,1 人
PJZ110,1 人
motorola edge 20,1 人
CPH2621,1 人
SM-J600FN,1 人
DS-CL4 Lite,1 人
NX713J,1 人
2112123AG,1 人
sdk_gphone64_arm64,1 人
CPH2737,1 人
itel W6004P,1 人
Infinix X6853,1 人
S25 Ultra,1 人
SM-F731U,1 人
BLA-L29,1 人
ZTE A7040,1 人
moto g04,1 人
SM-A042M,1 人
VENUS_G,1 人
Nokia 3.1 Plus,1 人
SM-A750F,1 人
PHB110,1 人
V2023,1 人
220333QBI,1 人
SM-X806B,1 人
CPH2437,1 人
moto g53 5G,1 人
Infinix X670,1 人
V2206,1 人
LIO-AL00,1 人
"iPad13,19",1 人
"iPhone9,2",1 人
SM-G9960,1 人
RMX3268,1 人
"iPad6,3",1 人
Pixel Fold,1 人
MHA-L09,1 人
moto g55 5G,1 人
Infinix X6525,1 人
SM-A5460,1 人
moto g(7) power,1 人
P30Air_ROW,1 人
SM-A176B,1 人
SM-A346M,1 人
TB373FU,1 人
SM-X700,1 人
"iPad16,2",1 人
V2503,1 人
SC-01M,1 人